i;tmja_avant;tmja_apres;diff_tmja
2;0;2.0;2.0
4;0;2.0;2.0
7;0;16.0;16.0
11;0;16.333333333333332;16.333333333333332
12;0;4.0;4.0
15;0;9.0;9.0
16;0;47.666666666666664;47.666666666666664
17;0;8.333333333333332;8.333333333333332
19;0;12.0;12.0
20;0;3.666666666666668;3.666666666666668
21;0;15.333333333333332;15.333333333333332
24;0;14.0;14.0
27;0;8.0;8.0
28;0;2.0;2.0
